Model,Accuracy,Precision,Recall,F1,ROC_AUC
SVM,1.0,1.0,1.0,1.0,1.0
LogisticRegression,1.0,1.0,1.0,1.0,1.0
RandomForest,0.9629629629629629,1.0,0.9230769230769231,0.96,1.0
MLP,0.9629629629629629,1.0,0.9230769230769231,0.96,0.989010989010989
XGBoost,0.9259259259259259,0.9230769230769231,0.9230769230769231,0.9230769230769231,0.9615384615384616
IsolationForest,0.8888888888888888,0.8125,1.0,0.896551724137931,0.945054945054945
GradientBoosting,0.8888888888888888,0.9166666666666666,0.8461538461538461,0.88,0.9395604395604396
